<?xml version="1.0" encoding="utf-8"?>
<annotations>
  <version>1.1</version>
  <meta>
    <task>
      <id>11</id>
      <name>task_2</name>
      <size>111</size>
      <mode>annotation</mode>
      <overlap>0</overlap>
      <bugtracker></bugtracker>
      <created>2022-11-16 18:01:26.649648+00:00</created>
      <updated>2022-11-16 18:01:28.027293+00:00</updated>
      <subset>default</subset>
      <start_frame>0</start_frame>
      <stop_frame>110</stop_frame>
      <frame_filter></frame_filter>
      <segments>
        <segment>
          <id>11</id>
          <start>0</start>
          <stop>110</stop>
          <url>httplocalhost:8080/?id=11</url>
        </segment>
      </segments>
      <owner>
        <username>admin</username>
        <email>whavener@sabereng.com</email>
      </owner>
      <assignee></assignee>
      <labels>
        <label>
          <name>pepper</name>
          <color>#c3c3c3</color>
          <type>skeleton</type>
          <attributes>
          </attributes>
          <svg>&lt;line x1="62.00810241699219" y1="26.51673126220703" x2="51.267364501953125" y2="95.59080505371094" stroke="black" data-type="edge" data-node-from="3" stroke-width="0.5" data-node-to="6"&gt;&lt;/line&gt;&lt;line x1="38.859954833984375" y1="25.775989532470703" x2="51.267364501953125" y2="95.59080505371094" stroke="black" data-type="edge" data-node-from="2" stroke-width="0.5" data-node-to="6"&gt;&lt;/line&gt;&lt;line x1="38.859954833984375" y1="25.775989532470703" x2="62.00810241699219" y2="26.51673126220703" stroke="black" data-type="edge" data-node-from="2" stroke-width="0.5" data-node-to="3"&gt;&lt;/line&gt;&lt;line x1="62.00810241699219" y1="26.51673126220703" x2="50.71180725097656" y2="58.73895263671875" stroke="black" data-type="edge" data-node-from="3" stroke-width="0.5" data-node-to="8"&gt;&lt;/line&gt;&lt;line x1="38.859954833984375" y1="25.775989532470703" x2="50.71180725097656" y2="58.73895263671875" stroke="black" data-type="edge" data-node-from="2" stroke-width="0.5" data-node-to="8"&gt;&lt;/line&gt;&lt;line x1="50.89699172973633" y1="17.62784194946289" x2="50.71180725097656" y2="58.73895263671875" stroke="black" data-type="edge" data-node-from="1" stroke-width="0.5" data-node-to="8"&gt;&lt;/line&gt;&lt;line x1="50.71180725097656" y1="58.73895263671875" x2="51.267364501953125" y2="95.59080505371094" stroke="black" data-type="edge" data-node-from="8" stroke-width="0.5" data-node-to="6"&gt;&lt;/line&gt;&lt;line x1="50.89699172973633" y1="17.62784194946289" x2="62.00810241699219" y2="26.51673126220703" stroke="black" data-type="edge" data-node-from="1" stroke-width="0.5" data-node-to="3"&gt;&lt;/line&gt;&lt;line x1="50.89699172973633" y1="17.62784194946289" x2="38.859954833984375" y2="25.775989532470703" stroke="black" data-type="edge" data-node-from="1" stroke-width="0.5" data-node-to="2"&gt;&lt;/line&gt;&lt;circle r="1.5" stroke="black" fill="#b3b3b3" cx="50.89699172973633" cy="17.62784194946289" stroke-width="0.1" data-type="element node" data-element-id="1" data-node-id="1" data-label-name="1"&gt;&lt;/circle&gt;&lt;circle r="1.5" stroke="black" fill="#b3b3b3" cx="38.859954833984375" cy="25.775989532470703" stroke-width="0.1" data-type="element node" data-element-id="2" data-node-id="2" data-label-name="2"&gt;&lt;/circle&gt;&lt;circle r="1.5" stroke="black" fill="#b3b3b3" cx="62.00810241699219" cy="26.51673126220703" stroke-width="0.1" data-type="element node" data-element-id="3" data-node-id="3" data-label-name="3"&gt;&lt;/circle&gt;&lt;circle r="1.5" stroke="black" fill="#b3b3b3" cx="51.267364501953125" cy="95.59080505371094" stroke-width="0.1" data-type="element node" data-element-id="6" data-node-id="6" data-label-name="6"&gt;&lt;/circle&gt;&lt;circle r="1.5" stroke="black" fill="#b3b3b3" cx="50.71180725097656" cy="58.73895263671875" stroke-width="0.1" data-type="element node" data-element-id="8" data-node-id="8" data-label-name="8"&gt;&lt;/circle&gt;</svg>
        </label>
        <label>
          <name>1</name>
          <color>#d12345</color>
          <type>points</type>
          <attributes>
          </attributes>
          <parent>pepper</parent>
        </label>
        <label>
          <name>2</name>
          <color>#350dea</color>
          <type>points</type>
          <attributes>
          </attributes>
          <parent>pepper</parent>
        </label>
        <label>
          <name>3</name>
          <color>#479ffe</color>
          <type>points</type>
          <attributes>
          </attributes>
          <parent>pepper</parent>
        </label>
        <label>
          <name>6</name>
          <color>#57236b</color>
          <type>points</type>
          <attributes>
          </attributes>
          <parent>pepper</parent>
        </label>
        <label>
          <name>8</name>
          <color>#e2bc6e</color>
          <type>points</type>
          <attributes>
          </attributes>
          <parent>pepper</parent>
        </label>
      </labels>
    </task>
    <dumped>2022-11-16 18:01:40.147045+00:00</dumped>
  </meta>
  <image id="0" name="jalapeno_0.jpeg" width="3840" height="2560">
  </image>
  <image id="1" name="jalapeno_1.jpeg" width="1630" height="1242">
  </image>
  <image id="2" name="jalapeno_101.jpeg" width="900" height="598">
  </image>
  <image id="3" name="jalapeno_102.jpeg" width="3264" height="2448">
  </image>
  <image id="4" name="jalapeno_104.jpeg" width="640" height="640">
  </image>
  <image id="5" name="jalapeno_105.jpeg" width="4032" height="3024">
  </image>
  <image id="6" name="jalapeno_107.jpeg" width="1200" height="1800">
  </image>
  <image id="7" name="jalapeno_109.jpeg" width="680" height="514">
  </image>
  <image id="8" name="jalapeno_110.jpeg" width="700" height="700">
  </image>
  <image id="9" name="jalapeno_114.jpeg" width="766" height="768">
  </image>
  <image id="10" name="jalapeno_115.jpeg" width="841" height="1024">
  </image>
  <image id="11" name="jalapeno_116.jpeg" width="747" height="747">
  </image>
  <image id="12" name="jalapeno_117.png" width="1500" height="630">
  </image>
  <image id="13" name="jalapeno_118.jpeg" width="725" height="448">
  </image>
  <image id="14" name="jalapeno_119.jpeg" width="768" height="1024">
  </image>
  <image id="15" name="jalapeno_12.jpeg" width="1500" height="1875">
  </image>
  <image id="16" name="jalapeno_120.jpeg" width="1347" height="881">
  </image>
  <image id="17" name="jalapeno_121.jpeg" width="1132" height="1500">
  </image>
  <image id="18" name="jalapeno_123.jpeg" width="1500" height="1132">
  </image>
  <image id="19" name="jalapeno_124.jpeg" width="1024" height="683">
  </image>
  <image id="20" name="jalapeno_127.jpeg" width="2256" height="1504">
  </image>
  <image id="21" name="jalapeno_128.jpeg" width="1600" height="1065">
  </image>
  <image id="22" name="jalapeno_129.jpeg" width="2122" height="1415">
  </image>
  <image id="23" name="jalapeno_13.jpeg" width="4000" height="6000">
  </image>
  <image id="24" name="jalapeno_136.jpeg" width="768" height="1024">
  </image>
  <image id="25" name="jalapeno_14.jpeg" width="1385" height="1000">
  </image>
  <image id="26" name="jalapeno_140.png" width="680" height="627">
  </image>
  <image id="27" name="jalapeno_141.jpeg" width="550" height="339">
  </image>
  <image id="28" name="jalapeno_142.jpeg" width="1200" height="799">
  </image>
  <image id="29" name="jalapeno_144.jpeg" width="1024" height="802">
  </image>
  <image id="30" name="jalapeno_147.jpeg" width="350" height="262">
  </image>
  <image id="31" name="jalapeno_148.jpeg" width="1000" height="875">
  </image>
  <image id="32" name="jalapeno_15.jpeg" width="1280" height="1088">
  </image>
  <image id="33" name="jalapeno_150.jpeg" width="3840" height="2560">
  </image>
  <image id="34" name="jalapeno_16.jpeg" width="900" height="950">
  </image>
  <image id="35" name="jalapeno_17.jpeg" width="1200" height="800">
  </image>
  <image id="36" name="jalapeno_18.jpeg" width="3012" height="3012">
  </image>
  <image id="37" name="jalapeno_19.jpeg" width="900" height="950">
  </image>
  <image id="38" name="jalapeno_2.jpeg" width="2048" height="1442">
  </image>
  <image id="39" name="jalapeno_20.jpeg" width="2000" height="1333">
  </image>
  <image id="40" name="jalapeno_21.jpeg" width="794" height="988">
  </image>
  <image id="41" name="jalapeno_23.jpeg" width="3262" height="3262">
  </image>
  <image id="42" name="jalapeno_25.jpeg" width="1200" height="873">
  </image>
  <image id="43" name="jalapeno_26.jpeg" width="900" height="900">
  </image>
  <image id="44" name="jalapeno_27.jpeg" width="640" height="511">
  </image>
  <image id="45" name="jalapeno_28.jpeg" width="1024" height="1024">
  </image>
  <image id="46" name="jalapeno_29.png" width="2048" height="1535">
  </image>
  <image id="47" name="jalapeno_30.jpeg" width="1200" height="1600">
  </image>
  <image id="48" name="jalapeno_31.jpeg" width="810" height="1080">
  </image>
  <image id="49" name="jalapeno_32.jpeg" width="1200" height="1200">
  </image>
  <image id="50" name="jalapeno_33.jpeg" width="1000" height="1000">
  </image>
  <image id="51" name="jalapeno_35.jpeg" width="2000" height="1500">
  </image>
  <image id="52" name="jalapeno_36.jpeg" width="971" height="937">
  </image>
  <image id="53" name="jalapeno_38.jpeg" width="1024" height="768">
  </image>
  <image id="54" name="jalapeno_39.jpeg" width="1200" height="1114">
  </image>
  <image id="55" name="jalapeno_4.jpeg" width="2100" height="1400">
  </image>
  <image id="56" name="jalapeno_41.jpeg" width="1600" height="900">
  </image>
  <image id="57" name="jalapeno_42.jpeg" width="1600" height="900">
  </image>
  <image id="58" name="jalapeno_43.jpeg" width="800" height="800">
  </image>
  <image id="59" name="jalapeno_44.jpeg" width="900" height="950">
  </image>
  <image id="60" name="jalapeno_45.jpeg" width="1024" height="768">
  </image>
  <image id="61" name="jalapeno_46.png" width="872" height="474">
  </image>
  <image id="62" name="jalapeno_47.jpeg" width="1200" height="675">
  </image>
  <image id="63" name="jalapeno_48.jpeg" width="900" height="900">
  </image>
  <image id="64" name="jalapeno_49.jpeg" width="1024" height="1024">
  </image>
  <image id="65" name="jalapeno_5.jpeg" width="2000" height="2000">
  </image>
  <image id="66" name="jalapeno_50.png" width="600" height="600">
  </image>
  <image id="67" name="jalapeno_51.jpeg" width="1600" height="1104">
  </image>
  <image id="68" name="jalapeno_52.jpeg" width="1600" height="1200">
  </image>
  <image id="69" name="jalapeno_53.jpeg" width="1016" height="682">
  </image>
  <image id="70" name="jalapeno_54.jpeg" width="840" height="560">
  </image>
  <image id="71" name="jalapeno_55.jpeg" width="1000" height="1000">
  </image>
  <image id="72" name="jalapeno_58.jpeg" width="1140" height="1347">
  </image>
  <image id="73" name="jalapeno_59.jpeg" width="1000" height="1000">
  </image>
  <image id="74" name="jalapeno_6.png" width="2048" height="2048">
  </image>
  <image id="75" name="jalapeno_60.jpeg" width="600" height="600">
  </image>
  <image id="76" name="jalapeno_61.jpeg" width="1199" height="1199">
  </image>
  <image id="77" name="jalapeno_62.jpeg" width="600" height="493">
  </image>
  <image id="78" name="jalapeno_63.jpeg" width="900" height="879">
  </image>
  <image id="79" name="jalapeno_64.jpeg" width="1620" height="1080">
  </image>
  <image id="80" name="jalapeno_65.jpeg" width="900" height="950">
  </image>
  <image id="81" name="jalapeno_67.jpeg" width="2048" height="2048">
  </image>
  <image id="82" name="jalapeno_7.jpeg" width="1170" height="878">
  </image>
  <image id="83" name="jalapeno_70.jpeg" width="505" height="700">
  </image>
  <image id="84" name="jalapeno_71.jpeg" width="1817" height="1516">
  </image>
  <image id="85" name="jalapeno_72.jpeg" width="1200" height="800">
  </image>
  <image id="86" name="jalapeno_73.jpeg" width="700" height="700">
  </image>
  <image id="87" name="jalapeno_75.jpeg" width="1200" height="630">
  </image>
  <image id="88" name="jalapeno_76.jpeg" width="1035" height="1134">
  </image>
  <image id="89" name="jalapeno_78.jpeg" width="2048" height="1360">
  </image>
  <image id="90" name="jalapeno_79.jpeg" width="2400" height="1347">
  </image>
  <image id="91" name="jalapeno_8.jpeg" width="2122" height="1415">
  </image>
  <image id="92" name="jalapeno_81.jpeg" width="600" height="524">
  </image>
  <image id="93" name="jalapeno_82.jpeg" width="1000" height="667">
  </image>
  <image id="94" name="jalapeno_83.jpeg" width="1024" height="683">
  </image>
  <image id="95" name="jalapeno_84.jpeg" width="853" height="640">
  </image>
  <image id="96" name="jalapeno_85.jpeg" width="1024" height="512">
  </image>
  <image id="97" name="jalapeno_86.jpeg" width="2622" height="1416">
  </image>
  <image id="98" name="jalapeno_87.jpeg" width="960" height="640">
  </image>
  <image id="99" name="jalapeno_88.jpeg" width="1024" height="724">
  </image>
  <image id="100" name="jalapeno_89.jpeg" width="1600" height="947">
  </image>
  <image id="101" name="jalapeno_9.jpeg" width="1422" height="800">
  </image>
  <image id="102" name="jalapeno_90.jpeg" width="600" height="900">
  </image>
  <image id="103" name="jalapeno_91.jpeg" width="682" height="682">
  </image>
  <image id="104" name="jalapeno_92.jpeg" width="1000" height="692">
  </image>
  <image id="105" name="jalapeno_93.jpeg" width="1024" height="678">
  </image>
  <image id="106" name="jalapeno_94.jpeg" width="1550" height="1035">
  </image>
  <image id="107" name="jalapeno_96.jpeg" width="1500" height="1200">
  </image>
  <image id="108" name="jalapeno_97.jpeg" width="1240" height="1904">
  </image>
  <image id="109" name="jalapeno_98.jpeg" width="600" height="600">
  </image>
  <image id="110" name="jalapeno_99.jpeg" width="1067" height="1600">
  </image>
</annotations>
