{"licenses": [{"name": "", "id": 0, "url": ""}], "info": {"contributor": "", "date_created": "", "description": "", "url": "", "version": "", "year": ""}, "categories": [{"id": 1, "name": "pepper", "supercategory": "", "keypoints": ["1", "2", "3", "6", "8"], "skeleton": [[3, 8], [1, 2], [1, 8], [2, 3], [2, 6], [8, 6], [3, 6], [1, 3], [2, 8]]}], "images": [{"id": 1, "width": 3840, "height": 2560, "file_name": "jalapeno_0.jpeg", "license": 0, "flickr_url": "", "coco_url": "", "date_captured": 0}, {"id": 2, "width": 1630, "height": 1242, "file_name": "jalapeno_1.jpeg", "license": 0, "flickr_url": "", "coco_url": "", "date_captured": 0}, {"id": 3, "width": 900, "height": 598, "file_name": "jalapeno_101.jpeg", "license": 0, "flickr_url": "", "coco_url": "", "date_captured": 0}, {"id": 4, "width": 3264, "height": 2448, "file_name": "jalapeno_102.jpeg", "license": 0, "flickr_url": "", "coco_url": "", "date_captured": 0}, {"id": 5, "width": 640, "height": 640, "file_name": "jalapeno_104.jpeg", "license": 0, "flickr_url": "", "coco_url": "", "date_captured": 0}, {"id": 6, "width": 4032, "height": 3024, "file_name": "jalapeno_105.jpeg", "license": 0, "flickr_url": "", "coco_url": "", "date_captured": 0}, {"id": 7, "width": 1200, "height": 1800, "file_name": "jalapeno_107.jpeg", "license": 0, "flickr_url": "", "coco_url": "", "date_captured": 0}, {"id": 8, "width": 680, "height": 514, "file_name": "jalapeno_109.jpeg", "license": 0, "flickr_url": "", "coco_url": "", "date_captured": 0}, {"id": 9, "width": 700, "height": 700, "file_name": "jalapeno_110.jpeg", "license": 0, "flickr_url": "", "coco_url": "", "date_captured": 0}, {"id": 10, "width": 766, "height": 768, "file_name": "jalapeno_114.jpeg", "license": 0, "flickr_url": "", "coco_url": "", "date_captured": 0}, {"id": 11, "width": 841, "height": 1024, "file_name": "jalapeno_115.jpeg", "license": 0, "flickr_url": "", "coco_url": "", "date_captured": 0}, {"id": 12, "width": 747, "height": 747, "file_name": "jalapeno_116.jpeg", "license": 0, "flickr_url": "", "coco_url": "", "date_captured": 0}, {"id": 13, "width": 1500, "height": 630, "file_name": "jalapeno_117.png", "license": 0, "flickr_url": "", "coco_url": "", "date_captured": 0}, {"id": 14, "width": 725, "height": 448, "file_name": "jalapeno_118.jpeg", "license": 0, "flickr_url": "", "coco_url": "", "date_captured": 0}, {"id": 15, "width": 768, "height": 1024, "file_name": "jalapeno_119.jpeg", "license": 0, "flickr_url": "", "coco_url": "", "date_captured": 0}, {"id": 16, "width": 1500, "height": 1875, "file_name": "jalapeno_12.jpeg", "license": 0, "flickr_url": "", "coco_url": "", "date_captured": 0}, {"id": 17, "width": 1347, "height": 881, "file_name": "jalapeno_120.jpeg", "license": 0, "flickr_url": "", "coco_url": "", "date_captured": 0}, {"id": 18, "width": 1132, "height": 1500, "file_name": "jalapeno_121.jpeg", "license": 0, "flickr_url": "", "coco_url": "", "date_captured": 0}, {"id": 19, "width": 1500, "height": 1132, "file_name": "jalapeno_123.jpeg", "license": 0, "flickr_url": "", "coco_url": "", "date_captured": 0}, {"id": 20, "width": 1024, "height": 683, "file_name": "jalapeno_124.jpeg", "license": 0, "flickr_url": "", "coco_url": "", "date_captured": 0}, {"id": 21, "width": 2256, "height": 1504, "file_name": "jalapeno_127.jpeg", "license": 0, "flickr_url": "", "coco_url": "", "date_captured": 0}, {"id": 22, "width": 1600, "height": 1065, "file_name": "jalapeno_128.jpeg", "license": 0, "flickr_url": "", "coco_url": "", "date_captured": 0}, {"id": 23, "width": 2122, "height": 1415, "file_name": "jalapeno_129.jpeg", "license": 0, "flickr_url": "", "coco_url": "", "date_captured": 0}, {"id": 24, "width": 4000, "height": 6000, "file_name": "jalapeno_13.jpeg", "license": 0, "flickr_url": "", "coco_url": "", "date_captured": 0}, {"id": 25, "width": 768, "height": 1024, "file_name": "jalapeno_136.jpeg", "license": 0, "flickr_url": "", "coco_url": "", "date_captured": 0}, {"id": 26, "width": 1385, "height": 1000, "file_name": "jalapeno_14.jpeg", "license": 0, "flickr_url": "", "coco_url": "", "date_captured": 0}, {"id": 27, "width": 680, "height": 627, "file_name": "jalapeno_140.png", "license": 0, "flickr_url": "", "coco_url": "", "date_captured": 0}, {"id": 28, "width": 550, "height": 339, "file_name": "jalapeno_141.jpeg", "license": 0, "flickr_url": "", "coco_url": "", "date_captured": 0}, {"id": 29, "width": 1200, "height": 799, "file_name": "jalapeno_142.jpeg", "license": 0, "flickr_url": "", "coco_url": "", "date_captured": 0}, {"id": 30, "width": 1024, "height": 802, "file_name": "jalapeno_144.jpeg", "license": 0, "flickr_url": "", "coco_url": "", "date_captured": 0}, {"id": 31, "width": 350, "height": 262, "file_name": "jalapeno_147.jpeg", "license": 0, "flickr_url": "", "coco_url": "", "date_captured": 0}, {"id": 32, "width": 1000, "height": 875, "file_name": "jalapeno_148.jpeg", "license": 0, "flickr_url": "", "coco_url": "", "date_captured": 0}, {"id": 33, "width": 1280, "height": 1088, "file_name": "jalapeno_15.jpeg", "license": 0, "flickr_url": "", "coco_url": "", "date_captured": 0}, {"id": 34, "width": 3840, "height": 2560, "file_name": "jalapeno_150.jpeg", "license": 0, "flickr_url": "", "coco_url": "", "date_captured": 0}, {"id": 35, "width": 900, "height": 950, "file_name": "jalapeno_16.jpeg", "license": 0, "flickr_url": "", "coco_url": "", "date_captured": 0}, {"id": 36, "width": 1200, "height": 800, "file_name": "jalapeno_17.jpeg", "license": 0, "flickr_url": "", "coco_url": "", "date_captured": 0}, {"id": 37, "width": 3012, "height": 3012, "file_name": "jalapeno_18.jpeg", "license": 0, "flickr_url": "", "coco_url": "", "date_captured": 0}, {"id": 38, "width": 900, "height": 950, "file_name": "jalapeno_19.jpeg", "license": 0, "flickr_url": "", "coco_url": "", "date_captured": 0}, {"id": 39, "width": 2048, "height": 1442, "file_name": "jalapeno_2.jpeg", "license": 0, "flickr_url": "", "coco_url": "", "date_captured": 0}, {"id": 40, "width": 2000, "height": 1333, "file_name": "jalapeno_20.jpeg", "license": 0, "flickr_url": "", "coco_url": "", "date_captured": 0}, {"id": 41, "width": 794, "height": 988, "file_name": "jalapeno_21.jpeg", "license": 0, "flickr_url": "", "coco_url": "", "date_captured": 0}, {"id": 42, "width": 3262, "height": 3262, "file_name": "jalapeno_23.jpeg", "license": 0, "flickr_url": "", "coco_url": "", "date_captured": 0}, {"id": 43, "width": 1200, "height": 873, "file_name": "jalapeno_25.jpeg", "license": 0, "flickr_url": "", "coco_url": "", "date_captured": 0}, {"id": 44, "width": 900, "height": 900, "file_name": "jalapeno_26.jpeg", "license": 0, "flickr_url": "", "coco_url": "", "date_captured": 0}, {"id": 45, "width": 640, "height": 511, "file_name": "jalapeno_27.jpeg", "license": 0, "flickr_url": "", "coco_url": "", "date_captured": 0}, {"id": 46, "width": 1024, "height": 1024, "file_name": "jalapeno_28.jpeg", "license": 0, "flickr_url": "", "coco_url": "", "date_captured": 0}, {"id": 47, "width": 2048, "height": 1535, "file_name": "jalapeno_29.png", "license": 0, "flickr_url": "", "coco_url": "", "date_captured": 0}, {"id": 48, "width": 1200, "height": 1600, "file_name": "jalapeno_30.jpeg", "license": 0, "flickr_url": "", "coco_url": "", "date_captured": 0}, {"id": 49, "width": 810, "height": 1080, "file_name": "jalapeno_31.jpeg", "license": 0, "flickr_url": "", "coco_url": "", "date_captured": 0}, {"id": 50, "width": 1200, "height": 1200, "file_name": "jalapeno_32.jpeg", "license": 0, "flickr_url": "", "coco_url": "", "date_captured": 0}, {"id": 51, "width": 1000, "height": 1000, "file_name": "jalapeno_33.jpeg", "license": 0, "flickr_url": "", "coco_url": "", "date_captured": 0}, {"id": 52, "width": 2000, "height": 1500, "file_name": "jalapeno_35.jpeg", "license": 0, "flickr_url": "", "coco_url": "", "date_captured": 0}, {"id": 53, "width": 971, "height": 937, "file_name": "jalapeno_36.jpeg", "license": 0, "flickr_url": "", "coco_url": "", "date_captured": 0}, {"id": 54, "width": 1024, "height": 768, "file_name": "jalapeno_38.jpeg", "license": 0, "flickr_url": "", "coco_url": "", "date_captured": 0}, {"id": 55, "width": 1200, "height": 1114, "file_name": "jalapeno_39.jpeg", "license": 0, "flickr_url": "", "coco_url": "", "date_captured": 0}, {"id": 56, "width": 2100, "height": 1400, "file_name": "jalapeno_4.jpeg", "license": 0, "flickr_url": "", "coco_url": "", "date_captured": 0}, {"id": 57, "width": 1600, "height": 900, "file_name": "jalapeno_41.jpeg", "license": 0, "flickr_url": "", "coco_url": "", "date_captured": 0}, {"id": 58, "width": 1600, "height": 900, "file_name": "jalapeno_42.jpeg", "license": 0, "flickr_url": "", "coco_url": "", "date_captured": 0}, {"id": 59, "width": 800, "height": 800, "file_name": "jalapeno_43.jpeg", "license": 0, "flickr_url": "", "coco_url": "", "date_captured": 0}, {"id": 60, "width": 900, "height": 950, "file_name": "jalapeno_44.jpeg", "license": 0, "flickr_url": "", "coco_url": "", "date_captured": 0}, {"id": 61, "width": 1024, "height": 768, "file_name": "jalapeno_45.jpeg", "license": 0, "flickr_url": "", "coco_url": "", "date_captured": 0}, {"id": 62, "width": 872, "height": 474, "file_name": "jalapeno_46.png", "license": 0, "flickr_url": "", "coco_url": "", "date_captured": 0}, {"id": 63, "width": 1200, "height": 675, "file_name": "jalapeno_47.jpeg", "license": 0, "flickr_url": "", "coco_url": "", "date_captured": 0}, {"id": 64, "width": 900, "height": 900, "file_name": "jalapeno_48.jpeg", "license": 0, "flickr_url": "", "coco_url": "", "date_captured": 0}, {"id": 65, "width": 1024, "height": 1024, "file_name": "jalapeno_49.jpeg", "license": 0, "flickr_url": "", "coco_url": "", "date_captured": 0}, {"id": 66, "width": 2000, "height": 2000, "file_name": "jalapeno_5.jpeg", "license": 0, "flickr_url": "", "coco_url": "", "date_captured": 0}, {"id": 67, "width": 600, "height": 600, "file_name": "jalapeno_50.png", "license": 0, "flickr_url": "", "coco_url": "", "date_captured": 0}, {"id": 68, "width": 1600, "height": 1104, "file_name": "jalapeno_51.jpeg", "license": 0, "flickr_url": "", "coco_url": "", "date_captured": 0}, {"id": 69, "width": 1600, "height": 1200, "file_name": "jalapeno_52.jpeg", "license": 0, "flickr_url": "", "coco_url": "", "date_captured": 0}, {"id": 70, "width": 1016, "height": 682, "file_name": "jalapeno_53.jpeg", "license": 0, "flickr_url": "", "coco_url": "", "date_captured": 0}, {"id": 71, "width": 840, "height": 560, "file_name": "jalapeno_54.jpeg", "license": 0, "flickr_url": "", "coco_url": "", "date_captured": 0}, {"id": 72, "width": 1000, "height": 1000, "file_name": "jalapeno_55.jpeg", "license": 0, "flickr_url": "", "coco_url": "", "date_captured": 0}, {"id": 73, "width": 1140, "height": 1347, "file_name": "jalapeno_58.jpeg", "license": 0, "flickr_url": "", "coco_url": "", "date_captured": 0}, {"id": 74, "width": 1000, "height": 1000, "file_name": "jalapeno_59.jpeg", "license": 0, "flickr_url": "", "coco_url": "", "date_captured": 0}, {"id": 75, "width": 2048, "height": 2048, "file_name": "jalapeno_6.png", "license": 0, "flickr_url": "", "coco_url": "", "date_captured": 0}, {"id": 76, "width": 600, "height": 600, "file_name": "jalapeno_60.jpeg", "license": 0, "flickr_url": "", "coco_url": "", "date_captured": 0}, {"id": 77, "width": 1199, "height": 1199, "file_name": "jalapeno_61.jpeg", "license": 0, "flickr_url": "", "coco_url": "", "date_captured": 0}, {"id": 78, "width": 600, "height": 493, "file_name": "jalapeno_62.jpeg", "license": 0, "flickr_url": "", "coco_url": "", "date_captured": 0}, {"id": 79, "width": 900, "height": 879, "file_name": "jalapeno_63.jpeg", "license": 0, "flickr_url": "", "coco_url": "", "date_captured": 0}, {"id": 80, "width": 1620, "height": 1080, "file_name": "jalapeno_64.jpeg", "license": 0, "flickr_url": "", "coco_url": "", "date_captured": 0}, {"id": 81, "width": 900, "height": 950, "file_name": "jalapeno_65.jpeg", "license": 0, "flickr_url": "", "coco_url": "", "date_captured": 0}, {"id": 82, "width": 2048, "height": 2048, "file_name": "jalapeno_67.jpeg", "license": 0, "flickr_url": "", "coco_url": "", "date_captured": 0}, {"id": 83, "width": 1170, "height": 878, "file_name": "jalapeno_7.jpeg", "license": 0, "flickr_url": "", "coco_url": "", "date_captured": 0}, {"id": 84, "width": 505, "height": 700, "file_name": "jalapeno_70.jpeg", "license": 0, "flickr_url": "", "coco_url": "", "date_captured": 0}, {"id": 85, "width": 1817, "height": 1516, "file_name": "jalapeno_71.jpeg", "license": 0, "flickr_url": "", "coco_url": "", "date_captured": 0}, {"id": 86, "width": 1200, "height": 800, "file_name": "jalapeno_72.jpeg", "license": 0, "flickr_url": "", "coco_url": "", "date_captured": 0}, {"id": 87, "width": 700, "height": 700, "file_name": "jalapeno_73.jpeg", "license": 0, "flickr_url": "", "coco_url": "", "date_captured": 0}, {"id": 88, "width": 1200, "height": 630, "file_name": "jalapeno_75.jpeg", "license": 0, "flickr_url": "", "coco_url": "", "date_captured": 0}, {"id": 89, "width": 1035, "height": 1134, "file_name": "jalapeno_76.jpeg", "license": 0, "flickr_url": "", "coco_url": "", "date_captured": 0}, {"id": 90, "width": 2048, "height": 1360, "file_name": "jalapeno_78.jpeg", "license": 0, "flickr_url": "", "coco_url": "", "date_captured": 0}, {"id": 91, "width": 2400, "height": 1347, "file_name": "jalapeno_79.jpeg", "license": 0, "flickr_url": "", "coco_url": "", "date_captured": 0}, {"id": 92, "width": 2122, "height": 1415, "file_name": "jalapeno_8.jpeg", "license": 0, "flickr_url": "", "coco_url": "", "date_captured": 0}, {"id": 93, "width": 600, "height": 524, "file_name": "jalapeno_81.jpeg", "license": 0, "flickr_url": "", "coco_url": "", "date_captured": 0}, {"id": 94, "width": 1000, "height": 667, "file_name": "jalapeno_82.jpeg", "license": 0, "flickr_url": "", "coco_url": "", "date_captured": 0}, {"id": 95, "width": 1024, "height": 683, "file_name": "jalapeno_83.jpeg", "license": 0, "flickr_url": "", "coco_url": "", "date_captured": 0}, {"id": 96, "width": 853, "height": 640, "file_name": "jalapeno_84.jpeg", "license": 0, "flickr_url": "", "coco_url": "", "date_captured": 0}, {"id": 97, "width": 1024, "height": 512, "file_name": "jalapeno_85.jpeg", "license": 0, "flickr_url": "", "coco_url": "", "date_captured": 0}, {"id": 98, "width": 2622, "height": 1416, "file_name": "jalapeno_86.jpeg", "license": 0, "flickr_url": "", "coco_url": "", "date_captured": 0}, {"id": 99, "width": 960, "height": 640, "file_name": "jalapeno_87.jpeg", "license": 0, "flickr_url": "", "coco_url": "", "date_captured": 0}, {"id": 100, "width": 1024, "height": 724, "file_name": "jalapeno_88.jpeg", "license": 0, "flickr_url": "", "coco_url": "", "date_captured": 0}, {"id": 101, "width": 1600, "height": 947, "file_name": "jalapeno_89.jpeg", "license": 0, "flickr_url": "", "coco_url": "", "date_captured": 0}, {"id": 102, "width": 1422, "height": 800, "file_name": "jalapeno_9.jpeg", "license": 0, "flickr_url": "", "coco_url": "", "date_captured": 0}, {"id": 103, "width": 600, "height": 900, "file_name": "jalapeno_90.jpeg", "license": 0, "flickr_url": "", "coco_url": "", "date_captured": 0}, {"id": 104, "width": 682, "height": 682, "file_name": "jalapeno_91.jpeg", "license": 0, "flickr_url": "", "coco_url": "", "date_captured": 0}, {"id": 105, "width": 1000, "height": 692, "file_name": "jalapeno_92.jpeg", "license": 0, "flickr_url": "", "coco_url": "", "date_captured": 0}, {"id": 106, "width": 1024, "height": 678, "file_name": "jalapeno_93.jpeg", "license": 0, "flickr_url": "", "coco_url": "", "date_captured": 0}, {"id": 107, "width": 1550, "height": 1035, "file_name": "jalapeno_94.jpeg", "license": 0, "flickr_url": "", "coco_url": "", "date_captured": 0}, {"id": 108, "width": 1500, "height": 1200, "file_name": "jalapeno_96.jpeg", "license": 0, "flickr_url": "", "coco_url": "", "date_captured": 0}, {"id": 109, "width": 1240, "height": 1904, "file_name": "jalapeno_97.jpeg", "license": 0, "flickr_url": "", "coco_url": "", "date_captured": 0}, {"id": 110, "width": 600, "height": 600, "file_name": "jalapeno_98.jpeg", "license": 0, "flickr_url": "", "coco_url": "", "date_captured": 0}, {"id": 111, "width": 1067, "height": 1600, "file_name": "jalapeno_99.jpeg", "license": 0, "flickr_url": "", "coco_url": "", "date_captured": 0}], "annotations": []}